<=50K;1.1831673294503993;<=50K;1.0;correct;1
<=50K;1.09426728083132;<=50K;1.0;correct;1
<=50K;0.5126315545451272;<=50K;1.0;correct;1
<=50K;0.7651015839147695;<=50K;1.0;correct;1
<=50K;0.5606254222809246;>50K;0.0;incorrect;0
>50K;0.44428146949972674;>50K;0.0;correct;1
<=50K;0.8793978259677802;<=50K;1.0;correct;1
>50K;-0.18549156620744855;>50K;0.0;correct;1
>50K;0.1957831096034311;>50K;0.0;correct;1
>50K;0.45581720614225446;<=50K;1.0;incorrect;0
>50K;0.3844042088675294;<=50K;1.0;incorrect;0
<=50K;0.5561780445097209;>50K;0.0;incorrect;0
<=50K;1.2177609969032035;<=50K;1.0;correct;1
<=50K;0.7822889425686272;<=50K;1.0;correct;1
>50K;0.40968082194472716;>50K;0.0;correct;1
<=50K;0.5909510653071883;<=50K;1.0;correct;1
>50K;0.14120509468007697;>50K;0.0;correct;1
<=50K;0.5748430502772297;<=50K;1.0;correct;1
<=50K;1.183621673253663;<=50K;1.0;correct;1
<=50K;0.5380709663648973;<=50K;1.0;correct;1
<=50K;0.9121408562388108;<=50K;1.0;correct;1
>50K;0.23864420037330997;>50K;0.0;correct;1
>50K;0.2104217664311394;>50K;0.0;correct;1
>50K;-0.23560618903459368;>50K;0.0;correct;1
<=50K;0.7271974279489628;>50K;0.0;incorrect;0
>50K;0.31092397842176595;>50K;0.0;correct;1
>50K;0.15760361049600674;>50K;0.0;correct;1
>50K;0.16143845043833677;>50K;0.0;correct;1
<=50K;0.7158689405511873;<=50K;1.0;correct;1
>50K;-0.013647019040394837;>50K;0.0;correct;1
<=50K;1.0625468571946333;<=50K;1.0;correct;1
>50K;0.4366642657992163;<=50K;1.0;incorrect;0
>50K;0.39058707677117355;>50K;0.0;correct;1
>50K;0.4722833387719351;<=50K;1.0;incorrect;0
>50K;-0.157269132265278;>50K;0.0;correct;1
>50K;-0.10611168855355962;>50K;0.0;correct;1
>50K;0.47482026327767096;>50K;0.0;correct;1
>50K;0.1110581434327152;>50K;0.0;correct;1
>50K;0.17143018195784815;>50K;0.0;correct;1
<=50K;0.5844004784518915;>50K;0.0;incorrect;0
<=50K;0.9896813361480418;<=50K;1.0;correct;1
>50K;0.49314161526156736;<=50K;1.0;incorrect;0
<=50K;0.6539237972763257;<=50K;1.0;correct;1
<=50K;0.508000914413501;>50K;0.0;incorrect;0
>50K;0.34785137533208504;>50K;0.0;correct;1
<=50K;1.1999981403919049;<=50K;1.0;correct;1
>50K;0.07108339089123622;>50K;0.0;correct;1
>50K;0.40602828334498864;>50K;0.0;correct;1
<=50K;0.6007769455901333;>50K;0.0;incorrect;0
<=50K;0.6896007292437641;<=50K;1.0;correct;1
>50K;0.35147682009539855;<=50K;1.0;incorrect;0
>50K;0.4380100423758135;>50K;0.0;correct;1
>50K;0.357063201252535;>50K;0.0;correct;1
>50K;-0.04345625529686076;>50K;0.0;correct;1
>50K;0.07149165680083286;>50K;0.0;correct;1
>50K;0.18350066956483174;>50K;0.0;correct;1
<=50K;0.8134795079161776;<=50K;1.0;correct;1
<=50K;1.0280612803886626;<=50K;1.0;correct;1
<=50K;0.6867186657368312;<=50K;1.0;correct;1
<=50K;0.8782987755944984;<=50K;1.0;correct;1
<=50K;0.9046503217623111;<=50K;1.0;correct;1
<=50K;1.0801567043145575;<=50K;1.0;correct;1
<=50K;0.7383722067670928;<=50K;1.0;correct;1
>50K;-0.38264491510898874;>50K;0.0;correct;1
<=50K;0.6254721141073587;>50K;0.0;incorrect;0
<=50K;0.604677997765573;>50K;0.0;incorrect;0
<=50K;1.0584718600102765;<=50K;1.0;correct;1
>50K;0.4855907115731292;>50K;0.0;correct;1
>50K;-0.11353927641344014;>50K;0.0;correct;1
>50K;0.29762177777076376;>50K;0.0;correct;1
>50K;0.43664861366165475;>50K;0.0;correct;1
<=50K;0.8798769373326827;<=50K;1.0;correct;1
<=50K;0.9828376994847187;<=50K;1.0;correct;1
>50K;-0.027529920839278882;>50K;0.0;correct;1
<=50K;0.6663192739824775;<=50K;1.0;correct;1
<=50K;0.8524536538912333;<=50K;1.0;correct;1
>50K;0.3698748489900407;<=50K;1.0;incorrect;0
>50K;0.10713726120710665;>50K;0.0;correct;1
>50K;0.4153765268614343;<=50K;1.0;incorrect;0
<=50K;0.5693557367869247;<=50K;1.0;correct;1
>50K;0.47480314969426446;>50K;0.0;correct;1
>50K;0.38873221919931106;>50K;0.0;correct;1
<=50K;0.5724775789453314;<=50K;1.0;correct;1
>50K;0.18329019606263114;>50K;0.0;correct;1
>50K;0.3596896929632114;>50K;0.0;correct;1
<=50K;0.8757361234132783;<=50K;1.0;correct;1
>50K;0.08416212405000728;>50K;0.0;correct;1
>50K;0.2786649216501365;>50K;0.0;correct;1
>50K;0.3759323508170201;<=50K;1.0;incorrect;0
>50K;0.12978612005917853;>50K;0.0;correct;1
>50K;0.33711516737185454;>50K;0.0;correct;1
>50K;0.3832843633141098;>50K;0.0;correct;1
>50K;-0.039570920012789335;>50K;0.0;correct;1
>50K;0.0779173470846296;>50K;0.0;correct;1
>50K;0.3639521792552986;>50K;0.0;correct;1
<=50K;0.6356112540463583;<=50K;1.0;correct;1
>50K;0.21634785659806693;>50K;0.0;correct;1
<=50K;0.613878119300727;<=50K;1.0;correct;1
>50K;0.3222001781307969;<=50K;1.0;incorrect;0
<=50K;1.0769188117810584;<=50K;1.0;correct;1
<=50K;0.8392191003525331;<=50K;1.0;correct;1
<=50K;0.613878119300727;<=50K;1.0;correct;1
>50K;0.4170449868113359;>50K;0.0;correct;1
>50K;0.4939519837457365;>50K;0.0;correct;1
>50K;0.35651124748803437;>50K;0.0;correct;1
<=50K;1.0113531832349154;<=50K;1.0;correct;1
>50K;0.1290297580322763;>50K;0.0;correct;1
<=50K;1.2199828828908745;<=50K;1.0;correct;1
>50K;0.35751754688893705;>50K;0.0;correct;1
>50K;0.41541830491455184;<=50K;1.0;incorrect;0
>50K;0.04713535493250259;>50K;0.0;correct;1
<=50K;0.7103303033631689;>50K;0.0;incorrect;0
<=50K;0.6164274368157105;<=50K;1.0;correct;1
>50K;0.3377158420558171;<=50K;1.0;incorrect;0
>50K;0.2710864825872274;>50K;0.0;correct;1
>50K;0.3600056060679902;>50K;0.0;correct;1
<=50K;0.6621144953296877;<=50K;1.0;correct;1
>50K;0.46673553412051605;<=50K;1.0;incorrect;0
>50K;0.4438898347828227;<=50K;1.0;incorrect;0
>50K;0.48935025586531156;>50K;0.0;correct;1
>50K;0.2681206157763785;>50K;0.0;correct;1
<=50K;0.837832054530487;<=50K;1.0;correct;1
<=50K;0.6669668594331681;<=50K;1.0;correct;1
<=50K;0.6428427341973153;<=50K;1.0;correct;1
<=50K;1.222941082523083;<=50K;1.0;correct;1
<=50K;0.6059260136258175;<=50K;1.0;correct;1
>50K;0.20673199451448748;>50K;0.0;correct;1
>50K;0.01613806644386917;>50K;0.0;correct;1
>50K;0.29294910511796785;>50K;0.0;correct;1
<=50K;0.8896928803533126;<=50K;1.0;correct;1
<=50K;0.7021430739215666;<=50K;1.0;correct;1
<=50K;0.7137303344007802;<=50K;1.0;correct;1
>50K;0.05885098226260149;>50K;0.0;correct;1
>50K;-0.4807092420597186;>50K;0.0;correct;1
>50K;0.414236542491149;<=50K;1.0;incorrect;0
<=50K;1.1294193887491428;<=50K;1.0;correct;1
>50K;-0.0694691963106368;>50K;0.0;correct;1
<=50K;0.9380696234822206;<=50K;1.0;correct;1
<=50K;0.9631229759455137;<=50K;1.0;correct;1
>50K;0.09520129207890743;>50K;0.0;correct;1
>50K;0.4873307377524087;<=50K;1.0;incorrect;0
>50K;0.44736243713257984;<=50K;1.0;incorrect;0
<=50K;0.673575557842216;<=50K;1.0;correct;1
<=50K;0.5236469664748746;>50K;0.0;incorrect;0
<=50K;0.5176799573555115;>50K;0.0;incorrect;0
<=50K;0.6468212596462086;<=50K;1.0;correct;1
>50K;0.008009870792725138;>50K;0.0;correct;1
<=50K;0.8248352859845576;<=50K;1.0;correct;1
<=50K;0.5270110557234517;>50K;0.0;incorrect;0
<=50K;0.5517341085150779;>50K;0.0;incorrect;0
<=50K;0.6403955734071389;<=50K;1.0;correct;1
<=50K;0.6670249709869192;<=50K;1.0;correct;1
<=50K;0.6932307324651784;<=50K;1.0;correct;1
>50K;0.3757221827031734;>50K;0.0;correct;1
<=50K;0.6349282180066049;<=50K;1.0;correct;1
<=50K;0.6040522390177818;<=50K;1.0;correct;1
<=50K;0.595968447789645;<=50K;1.0;correct;1
<=50K;1.1026586636071896;<=50K;1.0;correct;1
>50K;0.12247917117697943;>50K;0.0;correct;1
<=50K;0.5069936884776796;<=50K;1.0;correct;1
>50K;0.052979161140646436;>50K;0.0;correct;1
>50K;0.3230093217348717;>50K;0.0;correct;1
>50K;0.2684095069917648;>50K;0.0;correct;1
>50K;0.4725039034418973;>50K;0.0;correct;1
>50K;0.025063407779416125;>50K;0.0;correct;1
>50K;0.2685911773630341;>50K;0.0;correct;1
<=50K;0.8912437927717088;<=50K;1.0;correct;1
<=50K;0.5386810037624824;<=50K;1.0;correct;1
<=50K;0.6040848614430343;>50K;0.0;incorrect;0
>50K;0.29815255052826156;<=50K;1.0;incorrect;0
<=50K;0.5639672358598666;>50K;0.0;incorrect;0
>50K;0.45581720614225446;<=50K;1.0;incorrect;0
>50K;0.20392142922657636;>50K;0.0;correct;1
>50K;0.3569129773211012;>50K;0.0;correct;1
<=50K;0.8607591640747979;<=50K;1.0;correct;1
>50K;0.4838317305490071;>50K;0.0;correct;1
<=50K;0.5143369351611322;>50K;0.0;incorrect;0
>50K;0.23981977063173604;>50K;0.0;correct;1
<=50K;0.8489979057998032;<=50K;1.0;correct;1
>50K;0.3888608825319601;<=50K;1.0;incorrect;0
>50K;0.28453928286890307;>50K;0.0;correct;1
<=50K;0.9387297647744057;<=50K;1.0;correct;1
<=50K;1.1987731009367864;<=50K;1.0;correct;1
>50K;0.3198945025127347;>50K;0.0;correct;1
>50K;0.4915347817838202;>50K;0.0;correct;1
>50K;0.29378791496694956;>50K;0.0;correct;1
>50K;0.25590637201733074;>50K;0.0;correct;1
>50K;0.4626609095755456;>50K;0.0;correct;1
<=50K;0.9326840568479344;<=50K;1.0;correct;1
>50K;-0.20519756854483456;>50K;0.0;correct;1
>50K;0.1740729088827015;>50K;0.0;correct;1
<=50K;0.7263339702779552;<=50K;1.0;correct;1
>50K;0.2596092559377878;>50K;0.0;correct;1
<=50K;0.5246974307233088;<=50K;1.0;correct;1
>50K;0.08038507412081203;>50K;0.0;correct;1
<=50K;0.7683804066336812;<=50K;1.0;correct;1
<=50K;0.5639063438773095;<=50K;1.0;correct;1
<=50K;0.6798229705006422;<=50K;1.0;correct;1
<=50K;0.5594625059373888;<=50K;1.0;correct;1
<=50K;0.7950358794212771;<=50K;1.0;correct;1
>50K;0.2711965994068531;>50K;0.0;correct;1
<=50K;1.1321875733558306;<=50K;1.0;correct;1
<=50K;0.8647842067758122;<=50K;1.0;correct;1
<=50K;0.5519581962379738;>50K;0.0;incorrect;0
>50K;0.12170711654824978;>50K;0.0;correct;1
<=50K;0.8203781356872186;<=50K;1.0;correct;1
>50K;0.10887082877506077;>50K;0.0;correct;1
>50K;0.07178588235267541;>50K;0.0;correct;1
>50K;0.30648679317080524;<=50K;1.0;incorrect;0
>50K;0.4725998914271456;<=50K;1.0;incorrect;0
>50K;0.2851778973453014;>50K;0.0;correct;1
>50K;0.1642853822336121;>50K;0.0;correct;1
<=50K;1.2068036844156538;<=50K;1.0;correct;1
<=50K;1.0032537526288081;<=50K;1.0;correct;1
<=50K;0.6041432791010297;>50K;0.0;incorrect;0
<=50K;1.1737701797096765;<=50K;1.0;correct;1
<=50K;0.5336780436644559;>50K;0.0;incorrect;0
<=50K;0.932567400424473;<=50K;1.0;correct;1
>50K;0.2679806216280895;>50K;0.0;correct;1
>50K;0.39245635262905704;>50K;0.0;correct;1
>50K;0.4129561153723755;<=50K;1.0;incorrect;0
<=50K;1.2747571687051142;<=50K;1.0;correct;1
>50K;0.054706923752994185;>50K;0.0;correct;1
>50K;-0.04459903490122588;>50K;0.0;correct;1
>50K;0.13143854811240435;>50K;0.0;correct;1
>50K;0.39280190298357937;<=50K;1.0;incorrect;0
>50K;-0.029015823229418924;>50K;0.0;correct;1
<=50K;0.5635087543910681;>50K;0.0;incorrect;0
<=50K;0.503907982965015;>50K;0.0;incorrect;0
<=50K;0.6164903997890253;<=50K;1.0;correct;1
<=50K;0.5077177490244436;>50K;0.0;incorrect;0
<=50K;0.7807282847669135;<=50K;1.0;correct;1
<=50K;0.5340564244937533;>50K;0.0;incorrect;0
<=50K;0.8379638934458681;<=50K;1.0;correct;1
<=50K;0.506119734441941;<=50K;1.0;correct;1
>50K;0.2959914231474669;>50K;0.0;correct;1
>50K;0.442433756221211;>50K;0.0;correct;1
>50K;0.13851812963606508;>50K;0.0;correct;1
>50K;0.4110422862969438;>50K;0.0;correct;1
<=50K;0.8043787193895866;<=50K;1.0;correct;1
>50K;0.10684303416896429;>50K;0.0;correct;1
>50K;0.4129561153723755;>50K;0.0;correct;1
>50K;0.21862016127269873;>50K;0.0;correct;1
>50K;0.33217414882993523;>50K;0.0;correct;1
<=50K;0.8178526085456679;<=50K;1.0;correct;1
<=50K;0.7021273428305116;<=50K;1.0;correct;1
>50K;0.27385374589489914;>50K;0.0;correct;1
>50K;0.12286148653464307;>50K;0.0;correct;1
<=50K;1.0247077638350541;<=50K;1.0;correct;1
>50K;0.2409666887778651;>50K;0.0;correct;1
>50K;0.45707241304891943;>50K;0.0;correct;1
<=50K;0.6827385832110475;<=50K;1.0;correct;1
>50K;0.47076244760893327;<=50K;1.0;incorrect;0
>50K;0.27763706944252425;>50K;0.0;correct;1
<=50K;0.6344050843500837;<=50K;1.0;correct;1
<=50K;0.6301020212208188;>50K;0.0;incorrect;0
>50K;0.42248947200037024;>50K;0.0;correct;1
<=50K;0.7619330297009308;>50K;0.0;incorrect;0
>50K;0.43260787593826583;>50K;0.0;correct;1
<=50K;0.612622912394062;>50K;0.0;incorrect;0
<=50K;0.8535479086622769;<=50K;1.0;correct;1
>50K;0.2785307399280656;>50K;0.0;correct;1
<=50K;1.4101559814331124;<=50K;1.0;correct;1
>50K;0.2612606023042822;>50K;0.0;correct;1
>50K;0.4912756772682887;<=50K;1.0;incorrect;0
>50K;0.2059403530627369;<=50K;1.0;incorrect;0
<=50K;0.703775954361376;<=50K;1.0;correct;1
>50K;0.43414535905538076;<=50K;1.0;incorrect;0
<=50K;0.8672731311853679;<=50K;1.0;correct;1
<=50K;0.5265279746278314;>50K;0.0;incorrect;0
>50K;0.1353596951492772;>50K;0.0;correct;1
>50K;0.3772026611154865;>50K;0.0;correct;1
>50K;-0.21441725329178346;>50K;0.0;correct;1
<=50K;0.550509118764108;<=50K;1.0;correct;1
<=50K;0.7328426277264166;<=50K;1.0;correct;1
>50K;0.33308174167158994;>50K;0.0;correct;1
<=50K;0.653953832933367;<=50K;1.0;correct;1
<=50K;0.6040522390177818;<=50K;1.0;correct;1
<=50K;0.6061826504079131;>50K;0.0;incorrect;0
>50K;0.08219012069258452;>50K;0.0;correct;1
>50K;0.4325178736139949;>50K;0.0;correct;1
<=50K;0.8199830199357994;<=50K;1.0;correct;1
>50K;0.12272324532157391;<=50K;1.0;incorrect;0
>50K;0.45666361462834143;<=50K;1.0;incorrect;0
>50K;0.3413007884767882;>50K;0.0;correct;1
<=50K;0.673575557842216;<=50K;1.0;correct;1
>50K;0.3399336151843788;>50K;0.0;correct;1
<=50K;0.5781764317968008;<=50K;1.0;correct;1
>50K;-0.058733685874299;>50K;0.0;correct;1
<=50K;0.6535098315410703;<=50K;1.0;correct;1
<=50K;0.9403261193507595;<=50K;1.0;correct;1
<=50K;1.060539021366935;<=50K;1.0;correct;1
>50K;0.2889296251472126;>50K;0.0;correct;1
<=50K;0.5217156757748198;<=50K;1.0;correct;1
>50K;0.30945143453588714;>50K;0.0;correct;1
>50K;0.4877009706048006;<=50K;1.0;incorrect;0
>50K;0.41310475236494293;>50K;0.0;correct;1
<=50K;0.9198363953717792;<=50K;1.0;correct;1
<=50K;0.666285409038068;<=50K;1.0;correct;1
>50K;0.4397718279258671;<=50K;1.0;incorrect;0
>50K;0.47806132953850605;<=50K;1.0;incorrect;0
>50K;0.4072199100729923;>50K;0.0;correct;1
<=50K;0.8621024203256535;<=50K;1.0;correct;1
>50K;0.49382332041308746;<=50K;1.0;incorrect;0
<=50K;0.8613066275885635;<=50K;1.0;correct;1
>50K;0.47146570075109734;<=50K;1.0;incorrect;0
<=50K;1.1013235647879371;<=50K;1.0;correct;1
<=50K;0.5189871337754026;<=50K;1.0;correct;1
>50K;0.16699569556765176;>50K;0.0;correct;1
>50K;0.33572974531312805;>50K;0.0;correct;1
>50K;0.34703779732077294;>50K;0.0;correct;1
>50K;0.2710864825872274;>50K;0.0;correct;1
<=50K;0.8804732771755381;<=50K;1.0;correct;1
<=50K;1.2545280431193881;<=50K;1.0;correct;1
>50K;0.4129561153723755;>50K;0.0;correct;1
>50K;0.3569650416678691;<=50K;1.0;incorrect;0
<=50K;0.5158362134896142;>50K;0.0;incorrect;0
>50K;0.4243194787724356;>50K;0.0;correct;1
>50K;0.37050276611059546;>50K;0.0;correct;1
<=50K;0.9389577761633552;<=50K;1.0;correct;1
>50K;0.09229296856003383;>50K;0.0;correct;1
>50K;0.11842210782511314;>50K;0.0;correct;1
>50K;0.2556852590796656;>50K;0.0;correct;1
<=50K;1.2350016299495683;<=50K;1.0;correct;1
>50K;0.4587461193226925;>50K;0.0;correct;1
<=50K;0.910848478501924;<=50K;1.0;correct;1
>50K;0.021526689132419452;>50K;0.0;correct;1
<=50K;0.8730644081990309;<=50K;1.0;correct;1
<=50K;1.040542772316099;<=50K;1.0;correct;1
>50K;0.41482136413546333;<=50K;1.0;incorrect;0
<=50K;0.5971176470307267;<=50K;1.0;correct;1
>50K;0.2969063087124244;>50K;0.0;correct;1
<=50K;0.5766401735597804;>50K;0.0;incorrect;0
>50K;0.33150989704138095;>50K;0.0;correct;1
>50K;0.3135199834299705;>50K;0.0;correct;1
<=50K;0.7336412483878088;<=50K;1.0;correct;1
>50K;0.3144288483426809;>50K;0.0;correct;1
>50K;0.22539898128032265;>50K;0.0;correct;1
>50K;0.4423437538969401;<=50K;1.0;incorrect;0
>50K;0.0717479824593496;>50K;0.0;correct;1
<=50K;1.10973437592836;<=50K;1.0;correct;1
<=50K;1.1379835476160354;<=50K;1.0;correct;1
>50K;0.43414535905538076;>50K;0.0;correct;1
>50K;0.20382897962156005;>50K;0.0;correct;1
>50K;0.13863498857692563;>50K;0.0;correct;1
>50K;0.06979220012415527;>50K;0.0;correct;1
>50K;0.48201955356344145;<=50K;1.0;incorrect;0
<=50K;0.5774918549392827;>50K;0.0;incorrect;0
>50K;0.324810998787536;>50K;0.0;correct;1
<=50K;1.0399514598566182;<=50K;1.0;correct;1
<=50K;0.8716046296509282;<=50K;1.0;correct;1
>50K;0.26074440909255675;>50K;0.0;correct;1
<=50K;1.3015117877054736;<=50K;1.0;correct;1
>50K;0.37240511122240777;>50K;0.0;correct;1
<=50K;0.653313786875598;<=50K;1.0;correct;1
>50K;0.35090265423512;>50K;0.0;correct;1
>50K;0.21171315907079985;>50K;0.0;correct;1
>50K;0.43967850232571487;>50K;0.0;correct;1
>50K;0.38398184741002456;>50K;0.0;correct;1
<=50K;0.7725632612755073;<=50K;1.0;correct;1
>50K;0.3568636776037181;>50K;0.0;correct;1
>50K;0.08289337383474887;>50K;0.0;correct;1
>50K;0.047845461527490196;>50K;0.0;correct;1
>50K;0.43982305436167607;>50K;0.0;correct;1
>50K;0.3347851904690295;>50K;0.0;correct;1
>50K;0.2640197025202053;>50K;0.0;correct;1
>50K;0.07237360854471725;>50K;0.0;correct;1
<=50K;0.9448315852138859;<=50K;1.0;correct;1
<=50K;0.6776567295032985;<=50K;1.0;correct;1
<=50K;0.917543048631088;>50K;0.0;incorrect;0
>50K;0.25447080188757576;>50K;0.0;correct;1
<=50K;0.8525401128427504;<=50K;1.0;correct;1
<=50K;0.7357477982871585;<=50K;1.0;correct;1
<=50K;0.7127844475343885;>50K;0.0;incorrect;0
<=50K;0.7454498233488791;<=50K;1.0;correct;1
>50K;0.43624881057678727;>50K;0.0;correct;1
<=50K;0.8911229447641158;<=50K;1.0;correct;1
<=50K;0.7325933463829644;<=50K;1.0;correct;1
>50K;0.42266771050477553;>50K;0.0;correct;1
<=50K;0.6036009361572048;>50K;0.0;incorrect;0
>50K;0.43588316936591415;<=50K;1.0;incorrect;0
<=50K;0.9827747365114038;<=50K;1.0;correct;1
>50K;0.4963337861261062;>50K;0.0;correct;1
<=50K;0.8727798138452156;<=50K;1.0;correct;1
>50K;0.10175187893420407;>50K;0.0;correct;1
>50K;0.002393632302732429;>50K;0.0;correct;1
>50K;0.26752910441740513;>50K;0.0;correct;1
>50K;0.2769389639893424;<=50K;1.0;incorrect;0
<=50K;0.9978959967429809;<=50K;1.0;correct;1
>50K;0.16816284574588947;>50K;0.0;correct;1
<=50K;1.0094366082669008;<=50K;1.0;correct;1
>50K;0.4944549102601546;<=50K;1.0;incorrect;0
>50K;0.08546541412023284;>50K;0.0;correct;1
>50K;0.3039517148877647;>50K;0.0;correct;1
>50K;0.41932329161835774;>50K;0.0;correct;1
>50K;0.4721936732804963;>50K;0.0;correct;1
<=50K;0.8189281402225527;<=50K;1.0;correct;1
>50K;0.48296410840754;>50K;0.0;correct;1
>50K;-0.10656127322492176;>50K;0.0;correct;1
<=50K;0.9843859561994099;<=50K;1.0;correct;1
<=50K;0.5200666423427902;>50K;0.0;incorrect;0
>50K;0.20655333668095266;>50K;0.0;correct;1
<=50K;0.5942263587348366;>50K;0.0;incorrect;0
<=50K;0.7726870602587201;<=50K;1.0;correct;1
<=50K;0.5512197597111128;<=50K;1.0;correct;1
>50K;0.33413260887876456;>50K;0.0;correct;1
>50K;0.4288499791067489;>50K;0.0;correct;1
<=50K;0.6595237319500451;<=50K;1.0;correct;1
>50K;0.4714758443912532;<=50K;1.0;incorrect;0
<=50K;1.149280980198561;<=50K;1.0;correct;1
<=50K;0.5243458041522265;<=50K;1.0;correct;1
>50K;0.2748228301753931;>50K;0.0;correct;1
<=50K;1.0335525095455294;<=50K;1.0;correct;1
<=50K;0.6936754727329795;<=50K;1.0;correct;1
>50K;-0.08446106450567498;>50K;0.0;correct;1
>50K;0.32716823993686717;>50K;0.0;correct;1
>50K;0.12662322968658674;>50K;0.0;correct;1
>50K;0.1641973186368534;<=50K;1.0;incorrect;0
<=50K;0.8086913198308363;<=50K;1.0;correct;1
>50K;0.3748110514812865;>50K;0.0;correct;1
<=50K;0.6199156802037766;>50K;0.0;incorrect;0
<=50K;0.8036536276332324;<=50K;1.0;correct;1
>50K;0.3283334445192612;<=50K;1.0;incorrect;0
>50K;0.4677188406376566;<=50K;1.0;incorrect;0
<=50K;0.520108842297073;>50K;0.0;incorrect;0
>50K;0.11420434921432371;>50K;0.0;correct;1
<=50K;0.9141237719295725;<=50K;1.0;correct;1
<=50K;0.6403955734071389;<=50K;1.0;correct;1
>50K;-0.032126862917761095;>50K;0.0;correct;1
>50K;-0.044885316307193446;>50K;0.0;correct;1
<=50K;1.0061613148392525;<=50K;1.0;correct;1
<=50K;1.2044998593166691;<=50K;1.0;correct;1
>50K;0.3837306165930187;>50K;0.0;correct;1
>50K;0.39260297482984224;>50K;0.0;correct;1
<=50K;1.022541105253376;<=50K;1.0;correct;1
>50K;0.34703779732077294;>50K;0.0;correct;1
<=50K;0.9237947950912028;<=50K;1.0;correct;1
>50K;0.46074111110076726;<=50K;1.0;incorrect;0
>50K;0.2473013371279565;>50K;0.0;correct;1
>50K;0.4951617017825507;>50K;0.0;correct;1
>50K;0.24179768496819115;<=50K;1.0;incorrect;0
>50K;0.4129561153723755;<=50K;1.0;incorrect;0
<=50K;1.0524840517584133;<=50K;1.0;correct;1
<=50K;0.9522224842662446;<=50K;1.0;correct;1
<=50K;0.5017122886378476;>50K;0.0;incorrect;0
>50K;0.4051066117005953;>50K;0.0;correct;1
>50K;0.36822704100377823;>50K;0.0;correct;1
>50K;0.43746862039662454;>50K;0.0;correct;1
>50K;0.19535429423052791;>50K;0.0;correct;1
<=50K;0.5844004784518915;>50K;0.0;incorrect;0
>50K;0.41807912207853976;>50K;0.0;correct;1
>50K;0.4141221234993711;<=50K;1.0;incorrect;0
>50K;0.3395432113637759;<=50K;1.0;incorrect;0
>50K;0.19207955443408226;>50K;0.0;correct;1
>50K;0.3420000291128804;>50K;0.0;correct;1
>50K;0.2970688606520586;>50K;0.0;correct;1
<=50K;0.8826731193954285;<=50K;1.0;correct;1
<=50K;1.0492139093786679;<=50K;1.0;correct;1
>50K;0.3910198466222937;>50K;0.0;correct;1
>50K;0.10040911322142304;>50K;0.0;correct;1
>50K;0.3199768952344841;>50K;0.0;correct;1
>50K;0.4238922417932738;<=50K;1.0;incorrect;0
<=50K;0.6040387622474954;<=50K;1.0;correct;1
<=50K;0.5017122886378476;<=50K;1.0;correct;1
>50K;0.05587213977630384;>50K;0.0;correct;1
<=50K;0.8953146733980042;<=50K;1.0;correct;1
<=50K;0.6409556712053806;<=50K;1.0;correct;1
>50K;0.06404483887657136;>50K;0.0;correct;1
<=50K;1.4173029152435757;<=50K;1.0;correct;1
<=50K;0.9946207033153326;<=50K;1.0;correct;1
>50K;0.12575446460462775;>50K;0.0;correct;1
>50K;0.2837083853358577;>50K;0.0;correct;1
>50K;0.13933824171908998;>50K;0.0;correct;1
<=50K;0.7969509378556703;<=50K;1.0;correct;1
>50K;0.19905840303107952;>50K;0.0;correct;1
<=50K;0.6146181612048611;<=50K;1.0;correct;1
>50K;0.4421797932740591;<=50K;1.0;incorrect;0
>50K;0.4288499791067489;>50K;0.0;correct;1
>50K;0.381272452725329;>50K;0.0;correct;1
>50K;0.12002731898387028;>50K;0.0;correct;1
<=50K;0.7383782351704322;<=50K;1.0;correct;1
>50K;0.24649096864378733;>50K;0.0;correct;1
<=50K;1.096837053811796;<=50K;1.0;correct;1
<=50K;0.7721559002634135;<=50K;1.0;correct;1
<=50K;0.5798290036090624;<=50K;1.0;correct;1
>50K;0.12575446460462775;>50K;0.0;correct;1
<=50K;0.8876270015981715;>50K;0.0;incorrect;0
>50K;0.29447826472050326;<=50K;1.0;incorrect;0
<=50K;0.68061012911238;<=50K;1.0;correct;1
<=50K;1.1220890738213634;<=50K;1.0;correct;1
>50K;0.46835067179194034;<=50K;1.0;incorrect;0
>50K;0.468190407323449;<=50K;1.0;incorrect;0
>50K;0.4350668559532993;<=50K;1.0;incorrect;0
<=50K;0.5559032073517809;<=50K;1.0;correct;1
>50K;-0.09756223821626847;>50K;0.0;correct;1
>50K;0.40882594000613764;>50K;0.0;correct;1
>50K;0.3354497820371431;>50K;0.0;correct;1
>50K;-0.025763028052708303;>50K;0.0;correct;1
<=50K;0.775281493764117;<=50K;1.0;correct;1
>50K;0.48458763356752826;>50K;0.0;correct;1
<=50K;0.8703734795718868;<=50K;1.0;correct;1
>50K;0.18682582080853044;>50K;0.0;correct;1
>50K;0.07115441679324336;>50K;0.0;correct;1
<=50K;0.7225601823191179;<=50K;1.0;correct;1
>50K;0.26823955079195194;>50K;0.0;correct;1
<=50K;0.6743757348863053;<=50K;1.0;correct;1
<=50K;0.8383557121042432;<=50K;1.0;correct;1
>50K;0.36725126305637995;<=50K;1.0;incorrect;0
<=50K;1.0439600799433808;<=50K;1.0;correct;1
<=50K;0.6574366321134943;<=50K;1.0;correct;1
>50K;0.16641833146007118;>50K;0.0;correct;1
>50K;0.3942389631425361;>50K;0.0;correct;1
<=50K;0.522494959617177;<=50K;1.0;correct;1
>50K;0.1259922279263302;>50K;0.0;correct;1
>50K;0.3787350483394087;<=50K;1.0;incorrect;0
<=50K;0.7700458989840604;<=50K;1.0;correct;1
<=50K;1.4367492015520609;<=50K;1.0;correct;1
>50K;0.1838049405209488;>50K;0.0;correct;1
>50K;0.30989225988663843;>50K;0.0;correct;1
>50K;0.04384757942932632;>50K;0.0;correct;1
<=50K;0.7373198170769542;<=50K;1.0;correct;1
>50K;0.20883135797781655;>50K;0.0;correct;1
>50K;0.025339502921491508;>50K;0.0;correct;1
>50K;0.4256164637322177;>50K;0.0;correct;1
>50K;0.2900637417349629;>50K;0.0;correct;1
<=50K;0.5183628879527986;<=50K;1.0;correct;1
>50K;0.3856624819778965;>50K;0.0;correct;1
<=50K;0.5179979206379315;<=50K;1.0;correct;1
<=50K;0.738829821534373;<=50K;1.0;correct;1
>50K;0.3237172312370507;<=50K;1.0;incorrect;0
<=50K;0.875473829109658;<=50K;1.0;correct;1
<=50K;0.5715268342407547;>50K;0.0;incorrect;0
>50K;0.3370008403574328;>50K;0.0;correct;1
>50K;0.4060954411359344;>50K;0.0;correct;1
<=50K;0.8298559750544194;<=50K;1.0;correct;1
<=50K;0.8553613912142248;<=50K;1.0;correct;1
>50K;0.32950569865803736;>50K;0.0;correct;1
<=50K;0.5296237731225175;<=50K;1.0;correct;1
>50K;0.4399879289425143;>50K;0.0;correct;1
>50K;0.001395766245056107;>50K;0.0;correct;1
>50K;0.37860000408302635;<=50K;1.0;incorrect;0
<=50K;1.3043396401483196;<=50K;1.0;correct;1
>50K;0.40170287920012265;<=50K;1.0;incorrect;0
<=50K;0.5397606028629633;<=50K;1.0;correct;1
<=50K;0.7668605203147816;<=50K;1.0;correct;1
>50K;0.32994300263857584;<=50K;1.0;incorrect;0
<=50K;0.9683180678479404;<=50K;1.0;correct;1
<=50K;0.8598405126830891;<=50K;1.0;correct;1
>50K;0.20507699548180464;>50K;0.0;correct;1
>50K;0.33503212179075126;>50K;0.0;correct;1
<=50K;0.520108842297073;>50K;0.0;incorrect;0
>50K;0.428629329368453;<=50K;1.0;incorrect;0
>50K;0.2786746296340373;<=50K;1.0;incorrect;0
<=50K;0.6626275182922542;<=50K;1.0;correct;1
>50K;0.45579735772321733;<=50K;1.0;incorrect;0
<=50K;0.5397606028629633;>50K;0.0;incorrect;0
<=50K;0.8770463564230819;<=50K;1.0;correct;1
>50K;0.3268066968534557;>50K;0.0;correct;1
<=50K;0.5645156127157893;>50K;0.0;incorrect;0
>50K;0.1877466877557616;>50K;0.0;correct;1
<=50K;0.5545266981432262;<=50K;1.0;correct;1
>50K;0.4080294750125599;<=50K;1.0;incorrect;0
<=50K;0.6744550995867095;>50K;0.0;incorrect;0
<=50K;0.5870398843191587;>50K;0.0;incorrect;0
<=50K;0.9192738411511987;<=50K;1.0;correct;1
<=50K;0.6885195699499331;<=50K;1.0;correct;1
>50K;0.14875702821369036;>50K;0.0;correct;1
>50K;0.171806822514546;>50K;0.0;correct;1
>50K;0.2320514135637306;>50K;0.0;correct;1
>50K;-0.1856783181976926;>50K;0.0;correct;1
>50K;0.23836454503751997;>50K;0.0;correct;1
>50K;0.2656499830562083;>50K;0.0;correct;1
>50K;0.2400171168497814;>50K;0.0;correct;1
<=50K;0.6447487330945931;<=50K;1.0;correct;1
>50K;0.2648423976874756;>50K;0.0;correct;1
>50K;0.06863875768297906;>50K;0.0;correct;1
<=50K;0.8990025116979954;<=50K;1.0;correct;1
<=50K;0.8744684272274069;<=50K;1.0;correct;1
>50K;0.48529484699109;>50K;0.0;correct;1
>50K;0.22574720017656208;<=50K;1.0;incorrect;0
>50K;0.0015879472700775499;>50K;0.0;correct;1
<=50K;0.6850638218585028;<=50K;1.0;correct;1
<=50K;0.8140537130950356;<=50K;1.0;correct;1
<=50K;0.9973451924139586;<=50K;1.0;correct;1
>50K;0.46160168793746553;>50K;0.0;correct;1
<=50K;0.5713813471078293;<=50K;1.0;correct;1
>50K;0.4072199100729923;>50K;0.0;correct;1
<=50K;0.7581999321801318;<=50K;1.0;correct;1
>50K;-0.07963418560855703;>50K;0.0;correct;1
>50K;0.18319168970305527;>50K;0.0;correct;1
>50K;0.4253540359408047;<=50K;1.0;incorrect;0
<=50K;0.7550327924191382;<=50K;1.0;correct;1
<=50K;1.114275710353429;<=50K;1.0;correct;1
>50K;0.4987886217812812;<=50K;1.0;incorrect;0
>50K;0.3243832895581479;<=50K;1.0;incorrect;0
>50K;0.03338073947550274;>50K;0.0;correct;1
<=50K;0.5139755134764383;<=50K;1.0;correct;1
<=50K;0.8911411676804388;<=50K;1.0;correct;1
>50K;0.3856624819778965;>50K;0.0;correct;1
>50K;-0.12587162830965104;>50K;0.0;correct;1
>50K;0.3623256128141995;>50K;0.0;correct;1
>50K;0.4043854419960953;<=50K;1.0;incorrect;0
>50K;0.17992952472355875;>50K;0.0;correct;1
<=50K;0.8533489970704734;<=50K;1.0;correct;1
<=50K;0.6327471793500001;<=50K;1.0;correct;1
<=50K;0.5437980410692999;<=50K;1.0;correct;1
>50K;0.34560727428648813;>50K;0.0;correct;1
>50K;0.42163357523757167;>50K;0.0;correct;1
<=50K;0.7795325974452629;<=50K;1.0;correct;1
<=50K;1.0187214671551406;<=50K;1.0;correct;1
<=50K;0.9218744742146068;<=50K;1.0;correct;1
<=50K;0.566003924792666;>50K;0.0;incorrect;0
>50K;0.20233369645872784;<=50K;1.0;incorrect;0
<=50K;1.0884594233049785;<=50K;1.0;correct;1
<=50K;1.0289377824441472;<=50K;1.0;correct;1
<=50K;0.6836892330694526;<=50K;1.0;correct;1
>50K;0.21959894328361074;>50K;0.0;correct;1
<=50K;0.9282586990227331;<=50K;1.0;correct;1
>50K;0.3623585812011669;<=50K;1.0;incorrect;0
<=50K;0.5847424310577496;<=50K;1.0;correct;1
>50K;0.26868593925555856;>50K;0.0;correct;1
<=50K;0.6165262991524225;<=50K;1.0;correct;1
<=50K;1.0628059617101648;<=50K;1.0;correct;1
>50K;0.21485762198442265;>50K;0.0;correct;1
<=50K;1.276117206206149;<=50K;1.0;correct;1
<=50K;0.5634967998949039;<=50K;1.0;correct;1
>50K;0.37218446148411183;<=50K;1.0;incorrect;0
<=50K;0.7861161867710961;<=50K;1.0;correct;1
<=50K;0.9316252485756946;<=50K;1.0;correct;1
>50K;0.3250360452473752;>50K;0.0;correct;1
>50K;0.36967461235220433;>50K;0.0;correct;1
>50K;0.07792984060107294;>50K;0.0;correct;1
>50K;0.2813024450769787;>50K;0.0;correct;1
>50K;0.4094583047156795;>50K;0.0;correct;1
<=50K;0.742369321468912;<=50K;1.0;correct;1
>50K;0.07890693063908288;>50K;0.0;correct;1
>50K;0.14065153671767733;>50K;0.0;correct;1
<=50K;0.5490753064524954;>50K;0.0;incorrect;0
>50K;0.37718561439460135;>50K;0.0;correct;1
>50K;0.46331234784164965;>50K;0.0;correct;1
>50K;-0.13844421697367965;>50K;0.0;correct;1
<=50K;0.5266594291523699;>50K;0.0;incorrect;0
>50K;0.026448505950407764;>50K;0.0;correct;1
<=50K;0.8323658627445941;<=50K;1.0;correct;1
>50K;0.10971074355525523;>50K;0.0;correct;1
<=50K;0.5147303397853316;<=50K;1.0;correct;1
<=50K;0.6538691232414755;>50K;0.0;incorrect;0
<=50K;0.5314102906978363;<=50K;1.0;correct;1
>50K;0.1723734522060238;>50K;0.0;correct;1
<=50K;0.5129278278599174;<=50K;1.0;correct;1
>50K;0.4554304700243516;>50K;0.0;correct;1
>50K;0.2649335388151261;>50K;0.0;correct;1
<=50K;0.7270906615325121;<=50K;1.0;correct;1
>50K;0.38774295376868445;>50K;0.0;correct;1
<=50K;0.8743368649727004;<=50K;1.0;correct;1
<=50K;0.7415187725161323;<=50K;1.0;correct;1
>50K;-0.015948239326682268;>50K;0.0;correct;1
>50K;0.3987361806437304;>50K;0.0;correct;1
<=50K;0.8379638934458681;<=50K;1.0;correct;1
<=50K;0.8198504335922612;<=50K;1.0;correct;1
>50K;0.35898643982104705;>50K;0.0;correct;1
<=50K;0.5884553446768161;>50K;0.0;incorrect;0
<=50K;0.552410778198696;<=50K;1.0;correct;1
<=50K;0.8630213588295383;<=50K;1.0;correct;1
<=50K;0.5001561623500577;>50K;0.0;incorrect;0
<=50K;0.9221620019162674;<=50K;1.0;correct;1
>50K;0.3241274288309043;>50K;0.0;correct;1
>50K;0.3347851904690295;>50K;0.0;correct;1
<=50K;1.2002366866601182;<=50K;1.0;correct;1
>50K;0.48839651687664604;<=50K;1.0;incorrect;0
>50K;-0.13957552380802213;>50K;0.0;correct;1
>50K;0.3912842682855018;>50K;0.0;correct;1
<=50K;0.8600531318091184;<=50K;1.0;correct;1
<=50K;0.6943848020917032;<=50K;1.0;correct;1
<=50K;1.0178814801050522;<=50K;1.0;correct;1
>50K;0.35580799434587;>50K;0.0;correct;1
>50K;0.4128259420841906;>50K;0.0;correct;1
<=50K;0.8280958132086402;<=50K;1.0;correct;1
<=50K;0.6683769590152524;<=50K;1.0;correct;1
<=50K;0.6040522390177818;<=50K;1.0;correct;1
<=50K;0.7297179206874121;<=50K;1.0;correct;1
>50K;0.16705660042836384;>50K;0.0;correct;1
<=50K;0.8293932200695879;<=50K;1.0;correct;1
>50K;0.48241295818764096;>50K;0.0;correct;1
<=50K;1.005091412216483;<=50K;1.0;correct;1
<=50K;0.7890794501979586;<=50K;1.0;correct;1
>50K;0.3482503575181321;>50K;0.0;correct;1
<=50K;0.6224612245560208;>50K;0.0;incorrect;0
<=50K;0.5532714912365613;>50K;0.0;incorrect;0
<=50K;0.5827425734518079;<=50K;1.0;correct;1
<=50K;0.5703125499429165;<=50K;1.0;correct;1
>50K;0.34292747037357224;>50K;0.0;correct;1
<=50K;0.53605915776488;<=50K;1.0;correct;1
<=50K;0.5731380704414712;<=50K;1.0;correct;1
<=50K;0.8575006734769577;<=50K;1.0;correct;1
>50K;-0.21583761371647026;>50K;0.0;correct;1
<=50K;1.3122780484260361;<=50K;1.0;correct;1
<=50K;0.5740657286316085;>50K;0.0;incorrect;0
<=50K;0.5228998959623641;<=50K;1.0;correct;1
<=50K;0.5495864831459085;<=50K;1.0;correct;1
>50K;0.1112225629369265;>50K;0.0;correct;1
<=50K;1.576830467781727;<=50K;1.0;correct;1
<=50K;1.1827466905002715;<=50K;1.0;correct;1
<=50K;1.215983298708821;<=50K;1.0;correct;1
>50K;0.2708273780716959;>50K;0.0;correct;1
<=50K;0.8014924514462309;>50K;0.0;incorrect;0
>50K;0.15773479537831536;>50K;0.0;correct;1
<=50K;0.7320915550346945;<=50K;1.0;correct;1
>50K;0.051120754955138514;<=50K;1.0;incorrect;0
>50K;0.16531574832839951;<=50K;1.0;incorrect;0
<=50K;0.7851744074128284;<=50K;1.0;correct;1
>50K;0.4927933295057419;>50K;0.0;correct;1
<=50K;0.6591299054246802;>50K;0.0;incorrect;0
<=50K;0.9247454449496078;<=50K;1.0;correct;1
>50K;0.17079761545505295;>50K;0.0;correct;1
<=50K;1.1739980547452509;<=50K;1.0;correct;1
<=50K;0.865910800678775;<=50K;1.0;correct;1
>50K;0.3893276814021937;<=50K;1.0;incorrect;0
>50K;0.23170345971916123;>50K;0.0;correct;1
<=50K;0.5925684537347529;<=50K;1.0;correct;1
<=50K;0.957843864817052;<=50K;1.0;correct;1
>50K;0.14821459840911483;>50K;0.0;correct;1
<=50K;0.8918683004470829;<=50K;1.0;correct;1
>50K;0.09027465228476445;<=50K;1.0;incorrect;0
>50K;0.029264620380486106;>50K;0.0;correct;1
<=50K;0.837802889793325;<=50K;1.0;correct;1
<=50K;0.8764749626558156;<=50K;1.0;correct;1
<=50K;0.8172258197396725;>50K;0.0;incorrect;0
<=50K;0.5899723251601532;<=50K;1.0;correct;1
<=50K;1.0012809773377467;<=50K;1.0;correct;1
>50K;0.4203202802389842;>50K;0.0;correct;1
>50K;0.25226706255942627;>50K;0.0;correct;1
<=50K;0.6149321298672645;<=50K;1.0;correct;1
>50K;0.35580799434587;>50K;0.0;correct;1
>50K;0.4129561153723755;>50K;0.0;correct;1
<=50K;0.99691261264754;<=50K;1.0;correct;1
<=50K;0.9435182902152984;<=50K;1.0;correct;1
<=50K;0.5115381689207927;>50K;0.0;incorrect;0
>50K;0.34785137533208504;<=50K;1.0;incorrect;0
<=50K;0.8284064652712064;<=50K;1.0;correct;1
>50K;0.0654773703209533;>50K;0.0;correct;1
>50K;0.06154087994638757;>50K;0.0;correct;1
>50K;0.33246361988549905;>50K;0.0;correct;1
>50K;0.02085186958036339;>50K;0.0;correct;1
>50K;-5.951645269817729E-4;>50K;0.0;correct;1
<=50K;0.6156227188168395;>50K;0.0;incorrect;0
>50K;0.10804049580314012;>50K;0.0;correct;1
>50K;-0.11299103232820246;>50K;0.0;correct;1
>50K;0.306211129955777;>50K;0.0;correct;1
<=50K;1.1316574059714741;<=50K;1.0;correct;1
<=50K;1.4579886049618787;<=50K;1.0;correct;1
<=50K;0.8175213920853643;<=50K;1.0;correct;1
>50K;0.06504931662877517;>50K;0.0;correct;1
>50K;0.45565222409543216;<=50K;1.0;incorrect;0
>50K;0.052596846348655524;>50K;0.0;correct;1
<=50K;0.8896928803533126;<=50K;1.0;correct;1
<=50K;0.8160419819448046;<=50K;1.0;correct;1
<=50K;0.590198851650874;>50K;0.0;incorrect;0
>50K;0.35323595406038605;>50K;0.0;correct;1
<=50K;0.9609925645553822;<=50K;1.0;correct;1
<=50K;1.4569298261558232;<=50K;1.0;correct;1
>50K;0.4741715598471971;>50K;0.0;correct;1
<=50K;0.5108596887451939;>50K;0.0;incorrect;0
<=50K;0.9244677454440391;>50K;0.0;incorrect;0
>50K;-0.3467860582202257;>50K;0.0;correct;1
<=50K;0.7614529055035747;>50K;0.0;incorrect;0
>50K;0.3860523879745454;<=50K;1.0;incorrect;0
>50K;0.4823154181454809;>50K;0.0;correct;1
>50K;0.4858912061783545;<=50K;1.0;incorrect;0
<=50K;1.105957270321232;<=50K;1.0;correct;1
>50K;-0.10726348322818907;>50K;0.0;correct;1
<=50K;0.6029813446584673;>50K;0.0;incorrect;0
<=50K;0.8270273479574433;<=50K;1.0;correct;1
<=50K;0.7702494734430719;>50K;0.0;incorrect;0
<=50K;0.7708811908285882;<=50K;1.0;correct;1
>50K;0.49223803492598434;<=50K;1.0;incorrect;0
<=50K;0.5798259945561304;<=50K;1.0;correct;1
<=50K;0.6166769388106309;<=50K;1.0;correct;1
>50K;0.23864420037330997;>50K;0.0;correct;1
>50K;0.16217529338835762;>50K;0.0;correct;1
<=50K;0.7398344331515029;<=50K;1.0;correct;1
<=50K;0.9560514456178313;<=50K;1.0;correct;1
<=50K;0.5563525860395726;>50K;0.0;incorrect;0
<=50K;0.520108842297073;>50K;0.0;incorrect;0
>50K;0.1983551498889151;<=50K;1.0;incorrect;0
<=50K;0.5418464436442115;<=50K;1.0;correct;1
>50K;0.35320819622035693;<=50K;1.0;incorrect;0
<=50K;0.6705300717447014;<=50K;1.0;correct;1
<=50K;0.8293932200695879;<=50K;1.0;correct;1
<=50K;0.7754073322002804;<=50K;1.0;correct;1
>50K;-0.12363248758509142;>50K;0.0;correct;1
>50K;-0.1136878828193501;>50K;0.0;correct;1
>50K;0.1647137438659852;>50K;0.0;correct;1
<=50K;0.5808242656431181;>50K;0.0;incorrect;0
<=50K;0.6051063593979459;>50K;0.0;incorrect;0
<=50K;0.5217156757748198;>50K;0.0;incorrect;0
<=50K;0.6776508855336971;<=50K;1.0;correct;1
<=50K;0.5786285713159507;>50K;0.0;incorrect;0
>50K;0.04592436010805414;>50K;0.0;correct;1
>50K;0.45581720614225446;<=50K;1.0;incorrect;0
>50K;0.30591371331682576;>50K;0.0;correct;1
<=50K;0.7700959645587928;<=50K;1.0;correct;1
>50K;0.34622938516420615;<=50K;1.0;incorrect;0
<=50K;0.8427356539716795;<=50K;1.0;correct;1
<=50K;0.5204604688681549;<=50K;1.0;correct;1
>50K;0.15943895270043323;<=50K;1.0;incorrect;0
>50K;0.4808946627252182;>50K;0.0;correct;1
>50K;0.4915347817838202;<=50K;1.0;incorrect;0
>50K;0.28351315487966605;>50K;0.0;correct;1
<=50K;0.7620114232549459;<=50K;1.0;correct;1
>50K;0.350404273792182;<=50K;1.0;incorrect;0
<=50K;0.7824627475337758;<=50K;1.0;correct;1
>50K;0.128514881255838;>50K;0.0;correct;1
>50K;0.0789148272649361;>50K;0.0;correct;1
>50K;0.3193965336972177;>50K;0.0;correct;1
<=50K;0.8728127617219179;<=50K;1.0;correct;1
>50K;0.33015406230895167;<=50K;1.0;incorrect;0
>50K;0.2871859645231066;>50K;0.0;correct;1
>50K;0.4032806964950985;<=50K;1.0;incorrect;0
>50K;0.40796971528551973;>50K;0.0;correct;1
>50K;0.3388018105260823;>50K;0.0;correct;1
>50K;0.2857955972433058;>50K;0.0;correct;1
>50K;0.22136462731805098;<=50K;1.0;incorrect;0
<=50K;0.6023346807004497;<=50K;1.0;correct;1
>50K;-0.0740153488515457;<=50K;1.0;incorrect;0
>50K;0.3295440204525288;>50K;0.0;correct;1
>50K;0.4293325825106173;>50K;0.0;correct;1
<=50K;1.0810962035719869;<=50K;1.0;correct;1
<=50K;0.5281373777494398;>50K;0.0;incorrect;0
>50K;0.1218043753668509;>50K;0.0;correct;1
>50K;0.05424991176083799;>50K;0.0;correct;1
<=50K;0.6759882484324777;<=50K;1.0;correct;1
<=50K;0.6142009257638299;<=50K;1.0;correct;1
>50K;0.19250781617578266;>50K;0.0;correct;1
>50K;0.4484186171095296;>50K;0.0;correct;1
>50K;0.18966088438050732;>50K;0.0;correct;1
>50K;0.4637659721261272;>50K;0.0;correct;1
>50K;0.3568853991882763;>50K;0.0;correct;1
<=50K;0.5864068534540323;<=50K;1.0;correct;1
>50K;0.2897442973083163;>50K;0.0;correct;1
>50K;0.15791743897497845;>50K;0.0;correct;1
>50K;0.3649020721037939;<=50K;1.0;incorrect;0
<=50K;0.6224065927227245;<=50K;1.0;correct;1
>50K;0.19050361779243896;>50K;0.0;correct;1
>50K;0.026076345871512363;>50K;0.0;correct;1
>50K;0.3010288515758001;<=50K;1.0;incorrect;0
>50K;0.19143437263942226;>50K;0.0;correct;1
<=50K;0.5336780436644559;>50K;0.0;incorrect;0
>50K;0.19004610075944622;>50K;0.0;correct;1
>50K;0.4968266233522201;<=50K;1.0;incorrect;0
>50K;0.3472309467350922;>50K;0.0;correct;1
<=50K;0.7328614779491919;<=50K;1.0;correct;1
>50K;0.4587791126717062;>50K;0.0;correct;1
>50K;0.1721492640874963;>50K;0.0;correct;1
<=50K;1.0812279926737072;<=50K;1.0;correct;1
<=50K;0.7299579154150896;<=50K;1.0;correct;1
>50K;0.29644026314956434;>50K;0.0;correct;1
<=50K;0.5127574176333418;>50K;0.0;incorrect;0
<=50K;0.5733393131292421;<=50K;1.0;correct;1
>50K;0.4616610014751552;>50K;0.0;correct;1
>50K;0.4081226868639735;>50K;0.0;correct;1
<=50K;0.5902250893945236;<=50K;1.0;correct;1
<=50K;0.8053567853160327;<=50K;1.0;correct;1
>50K;0.06331452184042519;>50K;0.0;correct;1
>50K;0.1462005560831829;>50K;0.0;correct;1
>50K;0.4572084303067056;>50K;0.0;correct;1
>50K;0.4609467109661437;<=50K;1.0;incorrect;0
>50K;0.29059292943643183;>50K;0.0;correct;1
>50K;0.32823460361373263;>50K;0.0;correct;1
>50K;0.17064921709866482;>50K;0.0;correct;1
<=50K;0.9123262640163647;<=50K;1.0;correct;1
>50K;0.39165594218662475;>50K;0.0;correct;1
<=50K;0.5486829028103255;<=50K;1.0;correct;1
>50K;0.27506502915703984;>50K;0.0;correct;1
>50K;0.47117622969553374;<=50K;1.0;incorrect;0
>50K;0.35580799434587;>50K;0.0;correct;1
>50K;0.39731005178264706;>50K;0.0;correct;1
>50K;0.47146570075109734;>50K;0.0;correct;1
>50K;0.30995445104021474;<=50K;1.0;incorrect;0
<=50K;0.6179057779311168;<=50K;1.0;correct;1
<=50K;0.6456584791800541;<=50K;1.0;correct;1
>50K;0.1826819358928375;<=50K;1.0;incorrect;0
>50K;0.343442327223676;>50K;0.0;correct;1
<=50K;0.8482103287593621;>50K;0.0;incorrect;0
<=50K;0.6076540726456361;<=50K;1.0;correct;1
>50K;0.2964619847341225;>50K;0.0;correct;1
>50K;0.14011569599267887;<=50K;1.0;incorrect;0
>50K;0.39824867286545707;>50K;0.0;correct;1
<=50K;0.79343075707075;<=50K;1.0;correct;1
>50K;0.3010288515758001;>50K;0.0;correct;1
<=50K;0.5397606028629633;>50K;0.0;incorrect;0
>50K;0.33150989704138095;>50K;0.0;correct;1
<=50K;1.0572637279392867;<=50K;1.0;correct;1
>50K;0.4143277233647477;>50K;0.0;correct;1
<=50K;0.5844004784518915;<=50K;1.0;correct;1
<=50K;0.5164434850604818;<=50K;1.0;correct;1
<=50K;0.8817309675466503;<=50K;1.0;correct;1
<=50K;0.5629464317884234;<=50K;1.0;correct;1
>50K;0.012274194615488287;>50K;0.0;correct;1
<=50K;0.5046741951672993;>50K;0.0;incorrect;0
<=50K;0.8438662260470097;<=50K;1.0;correct;1
>50K;0.19905840303107952;>50K;0.0;correct;1
<=50K;1.1679061620493045;<=50K;1.0;correct;1
<=50K;0.8564707719742415;<=50K;1.0;correct;1
>50K;0.14445606053733479;>50K;0.0;correct;1
<=50K;0.6923176407350448;<=50K;1.0;correct;1
<=50K;0.9747500508478;<=50K;1.0;correct;1
>50K;0.19250781617578266;>50K;0.0;correct;1
>50K;0.2958665225312401;>50K;0.0;correct;1
<=50K;0.5879522386391698;<=50K;1.0;correct;1
>50K;0.17635096690302357;>50K;0.0;correct;1
<=50K;0.9058566072168692;<=50K;1.0;correct;1
<=50K;1.2983669800045998;<=50K;1.0;correct;1
<=50K;0.6050353417352219;<=50K;1.0;correct;1
>50K;0.2925191161126915;>50K;0.0;correct;1
>50K;0.2747134025859579;>50K;0.0;correct;1
>50K;0.06769410189608777;>50K;0.0;correct;1
<=50K;0.5161328335635882;<=50K;1.0;correct;1
<=50K;0.5229343121887385;>50K;0.0;incorrect;0
>50K;0.09186355231371518;>50K;0.0;correct;1
<=50K;0.6094579438355614;>50K;0.0;incorrect;0
<=50K;0.5827223445367662;<=50K;1.0;correct;1
>50K;0.13630279975366838;>50K;0.0;correct;1
<=50K;0.8988955276441045;<=50K;1.0;correct;1
<=50K;0.6886198645547987;<=50K;1.0;correct;1
<=50K;0.9871302331625345;<=50K;1.0;correct;1
<=50K;0.5279556105675502;<=50K;1.0;correct;1
<=50K;0.5744914237061478;>50K;0.0;incorrect;0
<=50K;0.6711061426480016;<=50K;1.0;correct;1
>50K;-0.09138499951661216;>50K;0.0;correct;1
>50K;0.3325190904473486;>50K;0.0;correct;1
<=50K;0.8081529412695103;<=50K;1.0;correct;1
>50K;0.4541905242454704;>50K;0.0;correct;1
<=50K;0.5217156757748198;<=50K;1.0;correct;1
>50K;0.1873288373128581;>50K;0.0;correct;1
>50K;0.27763706944252425;<=50K;1.0;incorrect;0
>50K;0.2743617760148757;<=50K;1.0;incorrect;0
<=50K;0.9010274731003711;<=50K;1.0;correct;1
<=50K;1.0793595007596497;<=50K;1.0;correct;1
>50K;0.4254657195312797;<=50K;1.0;incorrect;0
>50K;0.33973821898879725;<=50K;1.0;incorrect;0
>50K;0.07348963909030992;>50K;0.0;correct;1
<=50K;0.8698578390030463;<=50K;1.0;correct;1
>50K;0.0968815569862696;>50K;0.0;correct;1
<=50K;0.8162039970148036;<=50K;1.0;correct;1
>50K;0.1867242230341976;>50K;0.0;correct;1
>50K;0.4392578841370959;>50K;0.0;correct;1
<=50K;0.5509711051375016;<=50K;1.0;correct;1
>50K;0.24649096864378733;<=50K;1.0;incorrect;0
<=50K;0.654056844915974;<=50K;1.0;correct;1
<=50K;1.368098241439871;<=50K;1.0;correct;1
>50K;0.17487201613445408;>50K;0.0;correct;1
>50K;0.3111513449530947;>50K;0.0;correct;1
<=50K;0.5508918325611085;>50K;0.0;incorrect;0
>50K;-0.1799949928635372;>50K;0.0;correct;1
>50K;0.4915347817838202;>50K;0.0;correct;1
>50K;-0.48209719393368816;>50K;0.0;correct;1
>50K;0.48237075823335823;>50K;0.0;correct;1
>50K;0.26337165950369074;>50K;0.0;correct;1
<=50K;0.8779519446256545;<=50K;1.0;correct;1
<=50K;0.6439799889658706;<=50K;1.0;correct;1
<=50K;0.8293461452339128;<=50K;1.0;correct;1
<=50K;0.7965816577273956;<=50K;1.0;correct;1
<=50K;0.8225867634907944;<=50K;1.0;correct;1
<=50K;0.8231446490706107;<=50K;1.0;correct;1
>50K;0.23058222426702804;>50K;0.0;correct;1
>50K;0.3007521643731723;>50K;0.0;correct;1
<=50K;0.7712801730146353;<=50K;1.0;correct;1
>50K;0.2638076905651712;>50K;0.0;correct;1
>50K;0.4423437538969401;>50K;0.0;correct;1
>50K;0.3997394684980817;>50K;0.0;correct;1
>50K;0.31366442252046467;>50K;0.0;correct;1
>50K;0.33537689687440797;>50K;0.0;correct;1
<=50K;0.5177371292050073;<=50K;1.0;correct;1
>50K;0.4120175299276238;>50K;0.0;correct;1
<=50K;0.8688301210294751;<=50K;1.0;correct;1
>50K;-0.03624485858713672;>50K;0.0;correct;1
>50K;0.4104952035006406;>50K;0.0;correct;1
>50K;0.3615874050745501;>50K;0.0;correct;1
>50K;0.40480235150421356;<=50K;1.0;incorrect;0
<=50K;0.5769918001308623;<=50K;1.0;correct;1
<=50K;0.6919893111128608;<=50K;1.0;correct;1
<=50K;0.7463199393458048;<=50K;1.0;correct;1
<=50K;0.6486278556359522;<=50K;1.0;correct;1
>50K;0.23995749537189742;>50K;0.0;correct;1
>50K;0.31778474308624216;>50K;0.0;correct;1
>50K;0.10746835427037571;>50K;0.0;correct;1
>50K;-0.04741236544772892;<=50K;1.0;incorrect;0
<=50K;0.8102042144885293;<=50K;1.0;correct;1
>50K;0.42229979021969244;<=50K;1.0;incorrect;0
>50K;-0.6184171176941768;>50K;0.0;correct;1
<=50K;0.5364853094353148;>50K;0.0;incorrect;0
>50K;-0.03884523045168048;>50K;0.0;correct;1
>50K;0.4366888499580077;<=50K;1.0;incorrect;0
<=50K;0.7512294302626981;<=50K;1.0;correct;1
<=50K;0.5452669544700435;>50K;0.0;incorrect;0
<=50K;0.6610338127721385;>50K;0.0;incorrect;0
<=50K;0.9810980601765854;<=50K;1.0;correct;1
<=50K;0.5532714912365613;>50K;0.0;incorrect;0
<=50K;0.8302226419331141;<=50K;1.0;correct;1
<=50K;0.6646466461332102;<=50K;1.0;correct;1
>50K;0.29758469459045406;>50K;0.0;correct;1
<=50K;0.8554206323013802;<=50K;1.0;correct;1
>50K;-0.26168494432365325;>50K;0.0;correct;1
<=50K;1.2602387224271046;>50K;0.0;incorrect;0
<=50K;1.0437477537209363;<=50K;1.0;correct;1
>50K;0.02902054623589173;>50K;0.0;correct;1
<=50K;0.7865665398213539;<=50K;1.0;correct;1
>50K;-0.04415950843902511;>50K;0.0;correct;1
<=50K;0.8176413086623652;<=50K;1.0;correct;1
>50K;0.21848843592760253;<=50K;1.0;incorrect;0
>50K;0.2494146355003537;>50K;0.0;correct;1
>50K;0.3847336814302049;>50K;0.0;correct;1
<=50K;0.9927657182184453;<=50K;1.0;correct;1
>50K;0.33382331610319765;>50K;0.0;correct;1
>50K;0.4550941045810532;<=50K;1.0;incorrect;0
<=50K;0.7336412483878088;<=50K;1.0;correct;1
>50K;0.17708630067201275;>50K;0.0;correct;1
<=50K;0.5727374328849639;<=50K;1.0;correct;1
>50K;0.27913960803462373;>50K;0.0;correct;1
>50K;0.48296410840754;>50K;0.0;correct;1
>50K;0.3264710663558496;>50K;0.0;correct;1
>50K;0.3424543747492825;>50K;0.0;correct;1
>50K;0.36798983342447394;<=50K;1.0;incorrect;0
<=50K;1.2436229506246386;<=50K;1.0;correct;1
<=50K;0.8913429327863432;<=50K;1.0;correct;1
<=50K;0.7542543722159984;<=50K;1.0;correct;1
<=50K;0.9445031538826494;<=50K;1.0;correct;1
<=50K;0.7672693871477592;<=50K;1.0;correct;1
>50K;0.3891810592014087;>50K;0.0;correct;1
>50K;0.2800045549241672;<=50K;1.0;incorrect;0
<=50K;0.5401122294340452;<=50K;1.0;correct;1
<=50K;1.0277296503731574;<=50K;1.0;correct;1
>50K;0.24649096864378733;>50K;0.0;correct;1
>50K;0.290696043198835;<=50K;1.0;incorrect;0
<=50K;0.6312714378000089;<=50K;1.0;correct;1
>50K;0.49994602766667473;>50K;0.0;correct;1
<=50K;0.9619508916019581;<=50K;1.0;correct;1
<=50K;0.7347708326087707;<=50K;1.0;correct;1
>50K;0.17696204063225957;>50K;0.0;correct;1
>50K;0.3748110514812865;>50K;0.0;correct;1
<=50K;0.5543839947134022;<=50K;1.0;correct;1
>50K;0.20560898988637616;>50K;0.0;correct;1
>50K;0.14739244262985288;>50K;0.0;correct;1
<=50K;0.5498549871538808;<=50K;1.0;correct;1
<=50K;1.0290916921086726;<=50K;1.0;correct;1
<=50K;0.9751456432321273;<=50K;1.0;correct;1
<=50K;0.5193427372369874;<=50K;1.0;correct;1
>50K;0.29142362103115066;>50K;0.0;correct;1
>50K;0.121886034854441;>50K;0.0;correct;1
<=50K;0.8854414329356297;<=50K;1.0;correct;1
<=50K;0.5204604688681549;>50K;0.0;incorrect;0
<=50K;0.7359610021811261;<=50K;1.0;correct;1
<=50K;0.8014761414074261;<=50K;1.0;correct;1
>50K;0.3299473269877176;<=50K;1.0;incorrect;0
<=50K;1.1140130672956916;<=50K;1.0;correct;1
>50K;0.37521803130866077;>50K;0.0;correct;1
<=50K;0.8978034139108013;<=50K;1.0;correct;1
>50K;0.33539888723964295;>50K;0.0;correct;1
>50K;0.4779817347541438;>50K;0.0;correct;1
>50K;0.44174267860050226;>50K;0.0;correct;1
<=50K;0.6266390339927027;<=50K;1.0;correct;1
>50K;0.32823460361373263;>50K;0.0;correct;1
>50K;0.442433756221211;>50K;0.0;correct;1
>50K;0.1350779616275784;>50K;0.0;correct;1
>50K;0.30336166423063526;>50K;0.0;correct;1
<=50K;0.84820545387797;<=50K;1.0;correct;1
>50K;0.47060007878311627;>50K;0.0;correct;1
<=50K;0.9803945200968586;<=50K;1.0;correct;1
>50K;0.30412001324090715;>50K;0.0;correct;1
<=50K;0.5908261646909612;<=50K;1.0;correct;1
>50K;0.4827645847587229;<=50K;1.0;incorrect;0
>50K;0.2697817774432977;>50K;0.0;correct;1
<=50K;0.745801449919961;<=50K;1.0;correct;1
<=50K;0.6691948740659617;<=50K;1.0;correct;1
>50K;0.4915347817838202;<=50K;1.0;incorrect;0
<=50K;0.5001919185384667;<=50K;1.0;correct;1
<=50K;0.9529917403825598;<=50K;1.0;correct;1
<=50K;0.7488043077934224;>50K;0.0;incorrect;0
>50K;0.4579338453299083;>50K;0.0;correct;1
<=50K;1.0626973238512443;<=50K;1.0;correct;1
>50K;0.32823460361373263;>50K;0.0;correct;1
>50K;0.24685950074875418;>50K;0.0;correct;1
>50K;0.4915347817838202;>50K;0.0;correct;1
<=50K;0.6301812364019944;<=50K;1.0;correct;1
>50K;0.14191028200457395;>50K;0.0;correct;1
>50K;0.4481873687130206;>50K;0.0;correct;1
>50K;0.3780049287093976;<=50K;1.0;incorrect;0
<=50K;0.7120628497260356;<=50K;1.0;correct;1
<=50K;0.8469973218069801;<=50K;1.0;correct;1
<=50K;0.5364340874822988;>50K;0.0;incorrect;0
>50K;0.04937567839977214;>50K;0.0;correct;1
>50K;0.4754689667081448;<=50K;1.0;incorrect;0
>50K;0.19387843708710334;>50K;0.0;correct;1
>50K;0.3178547228700248;<=50K;1.0;incorrect;0
>50K;0.46527080789047875;<=50K;1.0;incorrect;0
>50K;0.037583233272591554;>50K;0.0;correct;1
<=50K;0.7603099334594847;<=50K;1.0;correct;1
<=50K;0.9561567089410604;<=50K;1.0;correct;1
<=50K;0.7829102833270862;<=50K;1.0;correct;1
<=50K;0.9285001407564438;<=50K;1.0;correct;1
<=50K;0.6076540726456361;<=50K;1.0;correct;1
<=50K;0.8688301210294751;<=50K;1.0;correct;1
<=50K;0.5666263985281028;>50K;0.0;incorrect;0
>50K;0.4109360288513919;>50K;0.0;correct;1
>50K;0.49314161526156736;>50K;0.0;correct;1
>50K;0.428891757159866;<=50K;1.0;incorrect;0
>50K;0.04209250612237403;>50K;0.0;correct;1
<=50K;0.9665985199906195;<=50K;1.0;correct;1
>50K;0.010312196186427203;>50K;0.0;correct;1
>50K;0.4694452466808002;>50K;0.0;correct;1
>50K;0.19928114090989962;>50K;0.0;correct;1
>50K;0.22752567598568088;>50K;0.0;correct;1
>50K;0.11861074142679257;<=50K;1.0;incorrect;0
<=50K;0.8411106712340168;<=50K;1.0;correct;1
<=50K;0.5621968853082928;<=50K;1.0;correct;1
<=50K;0.9402429967876501;<=50K;1.0;correct;1
<=50K;0.5150875945251503;<=50K;1.0;correct;1
<=50K;0.5299347225800182;>50K;0.0;incorrect;0
<=50K;0.5872480604358532;<=50K;1.0;correct;1
>50K;0.13606294829144155;>50K;0.0;correct;1
<=50K;0.7477040899602352;<=50K;1.0;correct;1
<=50K;1.055412210899153;<=50K;1.0;correct;1
>50K;0.47393006050392233;<=50K;1.0;incorrect;0
>50K;0.38284173310876596;>50K;0.0;correct;1
<=50K;0.7204816965354542;<=50K;1.0;correct;1
>50K;0.4871286306981481;>50K;0.0;correct;1
>50K;0.4013264489678387;>50K;0.0;correct;1
>50K;0.20290153836086813;>50K;0.0;correct;1
>50K;0.4747409941787459;>50K;0.0;correct;1
>50K;0.3600541243677779;>50K;0.0;correct;1
<=50K;0.8157982581006127;<=50K;1.0;correct;1
<=50K;0.813660308470836;<=50K;1.0;correct;1
>50K;-0.046731548724509075;>50K;0.0;correct;1
>50K;0.3926457326377184;>50K;0.0;correct;1
<=50K;0.7383782351704322;<=50K;1.0;correct;1
<=50K;0.8734672705167433;<=50K;1.0;correct;1
<=50K;0.7740238838621316;<=50K;1.0;correct;1
>50K;-0.16829693953876596;>50K;0.0;correct;1
>50K;0.14191028200457395;>50K;0.0;correct;1
<=50K;0.8003783342055841;<=50K;1.0;correct;1
>50K;0.2371619893951755;>50K;0.0;correct;1
>50K;0.45581720614225446;>50K;0.0;correct;1
<=50K;0.5170546039153299;<=50K;1.0;correct;1
<=50K;1.0275865364492678;<=50K;1.0;correct;1
>50K;-0.09542424381819709;>50K;0.0;correct;1
<=50K;0.5568016615693188;>50K;0.0;incorrect;0
<=50K;0.5379118419287652;>50K;0.0;incorrect;0
<=50K;0.9152958562731278;<=50K;1.0;correct;1
<=50K;0.770799217700957;<=50K;1.0;correct;1
<=50K;1.234965813869992;<=50K;1.0;correct;1
<=50K;0.9710583534172033;<=50K;1.0;correct;1
>50K;0.32403217686558744;>50K;0.0;correct;1
>50K;0.40641990669918254;<=50K;1.0;incorrect;0
>50K;0.27073920016052616;<=50K;1.0;incorrect;0
<=50K;1.060539021366935;<=50K;1.0;correct;1
<=50K;0.8924989996783737;<=50K;1.0;correct;1
<=50K;0.8318306978669479;<=50K;1.0;correct;1
<=50K;0.551173910321205;>50K;0.0;incorrect;0
<=50K;0.8580313341609149;<=50K;1.0;correct;1
>50K;0.13149126539909034;>50K;0.0;correct;1
>50K;0.4541905242454704;<=50K;1.0;incorrect;0
<=50K;0.7111178635776783;<=50K;1.0;correct;1
>50K;0.44578414385820425;<=50K;1.0;incorrect;0
<=50K;0.9186251843219068;<=50K;1.0;correct;1
>50K;0.28360400260134994;<=50K;1.0;incorrect;0
<=50K;0.808180637927248;<=50K;1.0;correct;1
<=50K;0.7928878483205603;<=50K;1.0;correct;1
<=50K;0.9704660147226436;<=50K;1.0;correct;1
>50K;0.42344658722343426;<=50K;1.0;incorrect;0
<=50K;0.8690948057545629;<=50K;1.0;correct;1
>50K;0.2832009014994398;>50K;0.0;correct;1
>50K;0.4484983865952036;>50K;0.0;correct;1
>50K;0.3105964901673185;>50K;0.0;correct;1
>50K;0.16440367251684984;>50K;0.0;correct;1
<=50K;1.1240182244157142;<=50K;1.0;correct;1
>50K;0.22979533185556297;>50K;0.0;correct;1
>50K;0.3706294428824252;>50K;0.0;correct;1
>50K;0.09731138092416147;>50K;0.0;correct;1
<=50K;0.9456718974109479;<=50K;1.0;correct;1
>50K;0.05486565729691212;>50K;0.0;correct;1
<=50K;1.158096606027564;<=50K;1.0;correct;1
>50K;0.4905137998186257;>50K;0.0;correct;1
>50K;0.24817010220991548;>50K;0.0;correct;1
>50K;0.4719337284078871;>50K;0.0;correct;1
<=50K;1.0480150257475742;<=50K;1.0;correct;1
>50K;0.39907606494312325;>50K;0.0;correct;1
>50K;0.23912680377717863;>50K;0.0;correct;1
>50K;0.41541830491455184;<=50K;1.0;incorrect;0
>50K;0.4290758675504937;>50K;0.0;correct;1
>50K;0.4541905242454704;<=50K;1.0;incorrect;0
>50K;0.4878421678893394;>50K;0.0;correct;1
>50K;-0.21698929357726754;>50K;0.0;correct;1
>50K;0.49223803492598434;<=50K;1.0;incorrect;0
<=50K;1.1572608224567729;<=50K;1.0;correct;1
<=50K;0.7821350329041019;<=50K;1.0;correct;1
<=50K;0.5692050857621174;<=50K;1.0;correct;1
>50K;0.11305227308008131;>50K;0.0;correct;1
<=50K;0.9577461383660497;<=50K;1.0;correct;1
<=50K;0.527465663684862;<=50K;1.0;correct;1
<=50K;0.5013606620667654;>50K;0.0;incorrect;0
>50K;0.19358415361681663;>50K;0.0;correct;1
<=50K;0.5725545116479627;<=50K;1.0;correct;1
<=50K;0.7171939250680512;<=50K;1.0;correct;1
<=50K;1.0377501833367224;<=50K;1.0;correct;1
<=50K;0.5178559426165303;<=50K;1.0;correct;1
<=50K;0.7215111637180809;>50K;0.0;incorrect;0
<=50K;1.2103872740408848;<=50K;1.0;correct;1
>50K;0.20496028645590242;>50K;0.0;correct;1
>50K;-0.5360036113404021;>50K;0.0;correct;1
<=50K;0.5009883835320448;<=50K;1.0;correct;1
<=50K;1.3852682904996507;<=50K;1.0;correct;1
<=50K;0.604677997765573;<=50K;1.0;correct;1
>50K;0.14873530662913198;<=50K;1.0;incorrect;0
>50K;0.025373092729348234;>50K;0.0;correct;1
>50K;0.15240075385563273;>50K;0.0;correct;1
<=50K;0.7901554636431014;>50K;0.0;incorrect;0
>50K;0.4741939113824427;<=50K;1.0;incorrect;0
<=50K;1.1119201067296989;<=50K;1.0;correct;1
<=50K;0.6788582140625448;<=50K;1.0;correct;1
>50K;0.31262795005558214;<=50K;1.0;incorrect;0
>50K;0.128175736760284;>50K;0.0;correct;1
>50K;0.35563016839343514;>50K;0.0;correct;1
<=50K;0.7583520351023971;<=50K;1.0;correct;1
>50K;0.26758679299152954;>50K;0.0;correct;1
>50K;0.07832169094239755;>50K;0.0;correct;1
>50K;0.37050276611059546;>50K;0.0;correct;1
>50K;0.24976626207143587;>50K;0.0;correct;1
<=50K;0.5081183653210601;>50K;0.0;incorrect;0
>50K;0.2874785112519644;<=50K;1.0;incorrect;0
<=50K;1.0195256438755718;<=50K;1.0;correct;1
>50K;0.189021359090286;>50K;0.0;correct;1
<=50K;0.6988723170608304;<=50K;1.0;correct;1
>50K;0.48529484699109;<=50K;1.0;incorrect;0
>50K;0.15804047869206;>50K;0.0;correct;1
<=50K;0.9850225974614171;<=50K;1.0;correct;1
>50K;0.23477577062312321;>50K;0.0;correct;1
>50K;0.13437470848541408;>50K;0.0;correct;1
<=50K;0.5249078466393586;>50K;0.0;incorrect;0
>50K;0.33015406230895167;>50K;0.0;correct;1
<=50K;0.5020639152089295;<=50K;1.0;correct;1
>50K;0.33249971088811353;>50K;0.0;correct;1
<=50K;1.07156133426665;<=50K;1.0;correct;1
<=50K;0.8129287035871553;<=50K;1.0;correct;1
<=50K;0.7752341081381053;>50K;0.0;incorrect;0
>50K;0.42278199565532065;<=50K;1.0;incorrect;0
>50K;0.4987886217812812;>50K;0.0;correct;1
>50K;0.13148294971986352;>50K;0.0;correct;1
<=50K;0.9456718974109479;<=50K;1.0;correct;1
<=50K;0.6392977662052968;<=50K;1.0;correct;1
>50K;0.23536062174944988;>50K;0.0;correct;1
>50K;0.42605728908296897;<=50K;1.0;incorrect;0
<=50K;0.6158982058217103;<=50K;1.0;correct;1
>50K;0.14392683014532576;>50K;0.0;correct;1
>50K;0.3510363167023286;>50K;0.0;correct;1
>50K;-0.19434043472519566;>50K;0.0;correct;1
>50K;0.3986492366967121;>50K;0.0;correct;1
>50K;0.2018720266598281;<=50K;1.0;incorrect;0
>50K;0.28618632917444103;>50K;0.0;correct;1
>50K;0.28746294972546943;>50K;0.0;correct;1
>50K;0.11674681192507624;>50K;0.0;correct;1
>50K;0.4440994807698094;>50K;0.0;correct;1
>50K;0.34588537756536664;<=50K;1.0;incorrect;0
>50K;0.3838630857615718;<=50K;1.0;incorrect;0
<=50K;0.7780037956682875;<=50K;1.0;correct;1
<=50K;0.601674494837457;<=50K;1.0;correct;1
<=50K;0.5684368412219423;<=50K;1.0;correct;1
<=50K;0.6227574599607244;<=50K;1.0;correct;1
<=50K;0.7659123798153451;<=50K;1.0;correct;1
<=50K;0.5191057774598867;<=50K;1.0;correct;1
<=50K;0.7353977788028201;<=50K;1.0;correct;1
<=50K;0.7971030407779358;<=50K;1.0;correct;1
>50K;-0.6184171176941768;>50K;0.0;correct;1
>50K;0.43379232704924797;<=50K;1.0;incorrect;0
>50K;0.1723734522060238;>50K;0.0;correct;1
>50K;0.11769807843167523;>50K;0.0;correct;1
<=50K;0.520108842297073;>50K;0.0;incorrect;0
<=50K;0.5266594291523699;<=50K;1.0;correct;1
<=50K;0.6491233263205936;<=50K;1.0;correct;1
<=50K;0.941340803989492;<=50K;1.0;correct;1
>50K;0.2661077403621395;>50K;0.0;correct;1
<=50K;0.7225601823191179;<=50K;1.0;correct;1
<=50K;0.9397925683957199;<=50K;1.0;correct;1
>50K;0.1559002485702235;>50K;0.0;correct;1
<=50K;0.5800154400838003;<=50K;1.0;correct;1
>50K;0.298546813048914;>50K;0.0;correct;1
<=50K;0.9079256151899594;<=50K;1.0;correct;1
>50K;0.06585094019610158;>50K;0.0;correct;1
>50K;0.3466017459872676;<=50K;1.0;incorrect;0
<=50K;0.8415027641004078;<=50K;1.0;correct;1
<=50K;0.7712534693633091;<=50K;1.0;correct;1
>50K;0.46820055096360474;>50K;0.0;correct;1
>50K;0.19922327761191755;>50K;0.0;correct;1
>50K;0.4143277233647477;<=50K;1.0;incorrect;0
<=50K;0.5495864831459085;>50K;0.0;incorrect;0
<=50K;0.8746096378824388;<=50K;1.0;correct;1
>50K;0.44445030379628975;>50K;0.0;correct;1
>50K;0.4488943407522367;>50K;0.0;correct;1
<=50K;0.5312309039951986;<=50K;1.0;correct;1
<=50K;0.8243200939587743;<=50K;1.0;correct;1
>50K;0.3695156847010696;>50K;0.0;correct;1
>50K;0.2616122288753644;>50K;0.0;correct;1
>50K;0.3625055409796289;<=50K;1.0;incorrect;0
>50K;0.2541938222372601;<=50K;1.0;incorrect;0
>50K;0.11907529496910357;>50K;0.0;correct;1
<=50K;0.5589725831396377;>50K;0.0;incorrect;0
<=50K;0.7984753757389487;<=50K;1.0;correct;1
>50K;-0.5711494266623072;>50K;0.0;correct;1
>50K;0.3291791584578314;>50K;0.0;correct;1
<=50K;0.6992144889664664;<=50K;1.0;correct;1
>50K;0.2308931812249015;>50K;0.0;correct;1
<=50K;0.6804738846820346;>50K;0.0;incorrect;0
>50K;0.46820055096360474;<=50K;1.0;incorrect;0
<=50K;1.0271978283061436;<=50K;1.0;correct;1
<=50K;0.5827425734518079;>50K;0.0;incorrect;0
>50K;0.06452684027423988;>50K;0.0;correct;1
<=50K;1.0312588962999265;<=50K;1.0;correct;1
>50K;0.06643328547868538;>50K;0.0;correct;1
>50K;0.1814196653941233;>50K;0.0;correct;1
<=50K;0.8940307863811778;<=50K;1.0;correct;1
<=50K;0.5053392086365778;<=50K;1.0;correct;1
>50K;0.4357931670416432;>50K;0.0;correct;1
>50K;0.023615611267993858;>50K;0.0;correct;1
>50K;0.22723863701896724;>50K;0.0;correct;1
<=50K;0.5683346633762159;<=50K;1.0;correct;1
>50K;0.4615210219023428;>50K;0.0;correct;1
<=50K;0.7877339640442367;<=50K;1.0;correct;1
<=50K;0.8433821957087576;<=50K;1.0;correct;1
>50K;0.21260382651168563;>50K;0.0;correct;1
>50K;-0.21375799947644678;>50K;0.0;correct;1
<=50K;0.566746105747084;<=50K;1.0;correct;1
>50K;0.41194951158928467;<=50K;1.0;incorrect;0
>50K;0.03514484753352859;>50K;0.0;correct;1
>50K;0.10156368611700797;<=50K;1.0;incorrect;0
>50K;0.03203384381005059;>50K;0.0;correct;1
<=50K;0.7700863826103785;>50K;0.0;incorrect;0
>50K;0.4241434600075373;>50K;0.0;correct;1
<=50K;0.5525307519539695;<=50K;1.0;correct;1
<=50K;0.7487344102457465;<=50K;1.0;correct;1
>50K;0.4262221636638072;>50K;0.0;correct;1
>50K;0.08154141726211067;>50K;0.0;correct;1
<=50K;0.6404996891644973;<=50K;1.0;correct;1
>50K;0.23477577062312321;>50K;0.0;correct;1
>50K;0.4822361358781413;<=50K;1.0;incorrect;0
<=50K;0.9981475615454436;<=50K;1.0;correct;1
>50K;-0.1931165435092236;>50K;0.0;correct;1
<=50K;0.5630973715195065;<=50K;1.0;correct;1
>50K;0.3177054701886234;>50K;0.0;correct;1
>50K;0.3760455007237443;<=50K;1.0;incorrect;0
>50K;0.4508840077145225;<=50K;1.0;incorrect;0
<=50K;0.5568570148256106;<=50K;1.0;correct;1
<=50K;0.9045476966710411;<=50K;1.0;correct;1
<=50K;0.7973427565140454;<=50K;1.0;correct;1
<=50K;0.7568546680622864;<=50K;1.0;correct;1
>50K;0.18219933248896886;>50K;0.0;correct;1
<=50K;0.8102042144885293;<=50K;1.0;correct;1
>50K;0.11062710073404408;>50K;0.0;correct;1
<=50K;0.9946207033153326;<=50K;1.0;correct;1
<=50K;0.7008931889927172;<=50K;1.0;correct;1
<=50K;0.6305366572567355;>50K;0.0;incorrect;0
>50K;0.48457791117976706;>50K;0.0;correct;1
<=50K;1.0583615351411286;<=50K;1.0;correct;1
<=50K;0.6161207041661432;<=50K;1.0;correct;1
<=50K;1.0780470744074522;>50K;0.0;incorrect;0
<=50K;1.1890070401172808;<=50K;1.0;correct;1
>50K;0.3977456563611293;<=50K;1.0;incorrect;0
>50K;0.2717897357293915;>50K;0.0;correct;1
>50K;-0.05556870409404141;>50K;0.0;correct;1
>50K;0.1042903294118313;>50K;0.0;correct;1
<=50K;0.6327538383792202;<=50K;1.0;correct;1
<=50K;0.5197373673069539;>50K;0.0;incorrect;0
>50K;0.15494872225307194;>50K;0.0;correct;1
<=50K;1.0476353634381685;<=50K;1.0;correct;1
<=50K;0.7434671286707539;<=50K;1.0;correct;1
<=50K;0.5038483296477665;>50K;0.0;incorrect;0
>50K;0.20590692944052547;>50K;0.0;correct;1
>50K;0.41421132227904045;>50K;0.0;correct;1
>50K;0.47576483129018404;<=50K;1.0;incorrect;0
<=50K;0.6941252456620731;<=50K;1.0;correct;1
>50K;0.15819674681854518;>50K;0.0;correct;1
<=50K;1.1170232777939675;<=50K;1.0;correct;1
<=50K;0.7170117022952088;>50K;0.0;incorrect;0
>50K;0.08173333632054836;>50K;0.0;correct;1
<=50K;0.6458483530605936;<=50K;1.0;correct;1
<=50K;0.5571219113788846;<=50K;1.0;correct;1
>50K;0.3859888883368699;>50K;0.0;correct;1
>50K;0.3476460574905666;>50K;0.0;correct;1
>50K;0.21862016127269873;>50K;0.0;correct;1
<=50K;0.6621838427006392;<=50K;1.0;correct;1
<=50K;1.3208963316266737;<=50K;1.0;correct;1
>50K;-0.048149352156785785;>50K;0.0;correct;1
>50K;0.1259922279263302;>50K;0.0;correct;1
>50K;0.40352692862919765;<=50K;1.0;incorrect;0
>50K;0.38224990308056644;>50K;0.0;correct;1
>50K;0.30006637960369326;>50K;0.0;correct;1
<=50K;0.851328644383353;<=50K;1.0;correct;1
>50K;0.47622690935667267;>50K;0.0;correct;1
>50K;0.27190707936261554;>50K;0.0;correct;1
>50K;0.39358112062107914;<=50K;1.0;incorrect;0
>50K;-0.2282998775113509;>50K;0.0;correct;1
<=50K;0.5348586275385308;<=50K;1.0;correct;1
>50K;0.30293583652812844;>50K;0.0;correct;1
<=50K;0.8773306646111214;<=50K;1.0;correct;1
>50K;0.32028185461848846;<=50K;1.0;incorrect;0
<=50K;0.9097279048929273;>50K;0.0;incorrect;0
<=50K;1.1440811808017992;<=50K;1.0;correct;1
>50K;0.38528563519470554;>50K;0.0;correct;1
<=50K;0.9263928316003776;<=50K;1.0;correct;1
<=50K;1.003704808159419;<=50K;1.0;correct;1
<=50K;0.5977774806481736;<=50K;1.0;correct;1
<=50K;0.9704660147226436;<=50K;1.0;correct;1
<=50K;0.9660929140931533;<=50K;1.0;correct;1
>50K;0.2179169081305346;>50K;0.0;correct;1
<=50K;0.9192710042573848;<=50K;1.0;correct;1
>50K;0.35580799434587;>50K;0.0;correct;1
>50K;0.31026641158688034;>50K;0.0;correct;1
<=50K;0.8997118410567193;<=50K;1.0;correct;1
>50K;0.3925257723210967;<=50K;1.0;incorrect;0
<=50K;0.73761923326588;<=50K;1.0;correct;1
<=50K;0.5207533181171242;<=50K;1.0;correct;1
>50K;0.40800710575570626;<=50K;1.0;incorrect;0
>50K;0.4309218052482059;>50K;0.0;correct;1
>50K;0.052870683244501115;>50K;0.0;correct;1
>50K;0.40851067943992064;>50K;0.0;correct;1
>50K;0.2022851346851874;>50K;0.0;correct;1
>50K;0.2020028758094758;>50K;0.0;correct;1
>50K;0.32735853365193035;>50K;0.0;correct;1
>50K;0.07382415207798515;>50K;0.0;correct;1
>50K;0.11415494719161595;>50K;0.0;correct;1
<=50K;0.9546478206376646;<=50K;1.0;correct;1
>50K;-0.1613085836958029;>50K;0.0;correct;1
<=50K;0.9297830367515802;<=50K;1.0;correct;1
<=50K;0.6362444958259947;<=50K;1.0;correct;1
<=50K;0.6076101649549385;<=50K;1.0;correct;1
>50K;0.28648260248923113;>50K;0.0;correct;1
<=50K;0.7754868928382306;<=50K;1.0;correct;1
<=50K;0.8033011975175486;<=50K;1.0;correct;1
<=50K;0.6959616743171819;<=50K;1.0;correct;1
<=50K;0.8761225325401318;<=50K;1.0;correct;1
<=50K;1.0192658118257276;<=50K;1.0;correct;1
>50K;0.4958657584693164;>50K;0.0;correct;1
>50K;0.43414535905538076;>50K;0.0;correct;1
<=50K;0.6055535983971735;<=50K;1.0;correct;1
>50K;0.36798983342447394;>50K;0.0;correct;1
<=50K;0.8772203397419738;<=50K;1.0;correct;1
<=50K;0.8318306978669479;<=50K;1.0;correct;1
<=50K;0.8779921367129475;<=50K;1.0;correct;1
>50K;0.2582959609392003;>50K;0.0;correct;1
>50K;0.2889668430347273;>50K;0.0;correct;1
>50K;0.32758556040369946;>50K;0.0;correct;1
<=50K;1.0347722266245412;<=50K;1.0;correct;1
>50K;0.38989888809065193;>50K;0.0;correct;1
>50K;0.15262317172844658;>50K;0.0;correct;1
>50K;-0.13957080143533548;>50K;0.0;correct;1
<=50K;0.8386954983295491;<=50K;1.0;correct;1
>50K;0.27506502915703984;>50K;0.0;correct;1
<=50K;0.7803705608583527;<=50K;1.0;correct;1
>50K;-0.3273069890604657;>50K;0.0;correct;1
>50K;-0.3970232520593618;>50K;0.0;correct;1
>50K;0.10287696967467957;>50K;0.0;correct;1
<=50K;0.6065593565784827;<=50K;1.0;correct;1
<=50K;0.9826616002306645;<=50K;1.0;correct;1
>50K;0.31814961881525616;>50K;0.0;correct;1
>50K;0.4574658176731187;<=50K;1.0;incorrect;0
>50K;0.4309083053006176;<=50K;1.0;incorrect;0
>50K;-0.21086499227963101;>50K;0.0;correct;1
>50K;0.48642948158410676;>50K;0.0;correct;1
>50K;0.2785307399280656;>50K;0.0;correct;1
>50K;0.17625701724438136;>50K;0.0;correct;1
>50K;0.34960983760625697;<=50K;1.0;incorrect;0
<=50K;0.5243190166035958;<=50K;1.0;correct;1
<=50K;0.5156709339099075;>50K;0.0;incorrect;0
>50K;0.373081190552834;>50K;0.0;correct;1
<=50K;0.502549056449126;>50K;0.0;incorrect;0
<=50K;0.8215858403418019;<=50K;1.0;correct;1
<=50K;0.5003673486347953;<=50K;1.0;correct;1
>50K;0.3561821460461122;>50K;0.0;correct;1
>50K;0.36297821312550965;>50K;0.0;correct;1
>50K;-0.29718010209240525;>50K;0.0;correct;1
>50K;0.24917257211769456;<=50K;1.0;incorrect;0
<=50K;0.8187295241563541;<=50K;1.0;correct;1
>50K;0.46564308642519964;>50K;0.0;correct;1
>50K;0.4137696933836876;<=50K;1.0;incorrect;0
>50K;0.2652391488740949;>50K;0.0;correct;1
>50K;0.17169052318733452;>50K;0.0;correct;1
>50K;0.4708842748395639;>50K;0.0;correct;1
<=50K;0.7295463007322888;<=50K;1.0;correct;1
<=50K;0.9850377926466476;<=50K;1.0;correct;1
>50K;0.11442112130328413;>50K;0.0;correct;1
>50K;0.4621982936601205;>50K;0.0;correct;1
>50K;-0.03416311276185771;>50K;0.0;correct;1
>50K;0.0541496880830738;<=50K;1.0;incorrect;0
>50K;0.2541516222829774;>50K;0.0;correct;1
>50K;0.4169968530957644;<=50K;1.0;incorrect;0
<=50K;1.0454840473845544;<=50K;1.0;correct;1
<=50K;0.7071753448606495;<=50K;1.0;correct;1
>50K;-0.024960541598315567;>50K;0.0;correct;1
<=50K;0.8699243758005187;<=50K;1.0;correct;1
